date,segment,daily_net_flow,daily_buy,daily_sell,trade_count,cum_net_flow
2024-06-09,Large,32.725300000000004,32.725300000000004,0.0,1,32.725300000000004
2024-09-27,Large,-29.90632,0.0,29.90632,2,2.8189800000000034
2024-09-28,Large,-0.9721199999999999,0.0,0.9721199999999999,3,1.8468600000000035
2024-09-29,Large,-0.8492,0.0,0.8492,1,0.9976600000000035
2024-09-30,Large,-2.34538,0.0,2.34538,4,-1.3477199999999965
2024-10-01,Large,-0.62033,0.0,0.62033,2,-1.9680499999999965
2024-10-02,Large,-0.0036,0.0,0.0036,1,-1.9716499999999966
2024-10-03,Large,-0.12532,0.0,0.12532,1,-2.0969699999999967
2024-10-04,Large,-0.26964,0.0,0.26964,1,-2.3666099999999965
2024-10-07,Large,-2.55196,0.0,2.55196,8,-4.918569999999996
2024-10-20,Large,-1.35966,0.0,1.35966,4,-6.278229999999996
2024-10-23,Large,-1.6195199999999998,0.0,1.6195199999999998,1,-7.897749999999997
2024-10-29,Large,1692.11903,1692.11903,0.0,13,1684.22128
2024-10-30,Large,3720.65319,3770.7731599999997,50.119969999999995,10,5404.87447
2024-10-31,Large,63.29411999999999,126.1258,62.831680000000006,5,5468.168589999999
2024-11-01,Large,9.999998999999999,9.999998999999999,0.0,1,5478.168589
2024-11-02,Large,173.02910000000003,173.02910000000003,0.0,2,5651.197689
2024-11-03,Large,535.33,535.33,0.0,1,6186.527689
2024-11-04,Large,82.8386,102.55,19.7114,5,6269.366289
2024-11-05,Large,1101.72686,1101.72686,0.0,6,7371.093149
2024-11-06,Large,8384.8711,13516.7237,5131.8526,11,15755.964249
2024-11-08,Large,5584.1226,5618.4506,34.328,67,21340.086849
2024-11-09,Large,34481.521579,35765.422239,1283.90066,712,55821.608428
2024-11-10,Large,56712983.702344,60713961.554933995,4000977.85259,492640,56768805.310772
2024-11-11,Large,12279284.134207001,42422366.551777,30143082.41757,250645,69048089.444979
2024-11-12,Large,57799.112567000004,68452.846627,10653.734059999999,641,69105888.557546
2024-11-13,Large,-5322.070371999998,14048.695157999999,19370.76553,202,69100566.487174
2024-11-14,Large,28510.452128,31887.171707999998,3376.7195799999977,141,69129076.939302
2024-11-15,Large,3092.88525,3142.58988,49.70463,28,69132169.824552
2024-11-16,Large,-269.94764999999995,24.75,294.69764999999995,8,69131899.876902
2024-11-17,Large,-15818.70059,98.6886,15917.38919,8,69116081.176312
2024-11-18,Large,-1.26748,0.0,1.26748,3,69116079.908832
2024-11-19,Large,292.0434,311.76099999999997,19.71759999999998,7,69116371.952232
2024-11-20,Large,-304.12962,0.0,304.12962,1,69116067.822612
2024-11-21,Large,-836.98736,0.0,836.98736,2,69115230.835252
2024-11-23,Large,210.66673,210.66673,0.0,1,69115441.501982
2024-11-24,Large,-12999.662499999999,210.779,13210.441499999999,17,69102441.83948201
2024-11-25,Large,-14530.70249,0.0,14530.70249,5,69087911.13699201
2024-11-26,Large,4978.816118,5044.999998,66.18388,3,69092889.95311001
2024-11-28,Large,-53.19212,0.0,53.19212,1,69092836.76099001
2024-11-29,Large,-0.04836000000000001,0.0,0.04836000000000001,1,69092836.71263
2024-12-12,Large,95448792.0,95448792.0,0.0,997250,164541628.71263
2024-12-13,Large,20983.249350000002,20983.356040000002,0.10669000000000001,237,164562611.96198002
2024-12-18,Large,2127989.88,2514439.0439999998,386449.164,29970,166690601.84198
2024-12-19,Large,5683480.83,5872721.4,189240.57,63936,172374082.67198
2024-12-20,Large,1385.1734400000314,691894.1332800001,690508.95984,3996,172375467.84542
2024-12-21,Large,-13476807.138564002,4121510.8475160003,17598317.986080002,27972,158898660.706856
2024-12-22,Large,630617.293458,1355010.734898,724393.44144,25974,159529278.000314
2024-12-23,Large,-2118257.426196,39959.99600399999,2158217.4222,9990,157411020.574118
2024-12-24,Large,69164202.979584,69661803.640824,497600.66124,319680,226575223.553702
2024-12-25,Large,-1428704.829286,535820.748894,1964525.57818,41959,225146518.724416
2024-12-26,Large,107162359.26513201,110760643.24991201,3598283.98478,649388,332308877.989548
2024-12-27,Large,158812293.07853,158813067.30707002,774.22854,1708939,491121171.06807804
2024-12-28,Large,28055.00732,28633.45378,578.44646,370,491149226.075398
2024-12-29,Large,4858.21348,4913.2180499999995,55.004569999999994,104,491154084.288878
2024-12-30,Large,-35.164500000000004,0.0,35.164500000000004,1,491154049.124378
2024-12-31,Large,1664.46288,1664.46288,0.0,96,491155713.58725804
2025-01-01,Large,6867.4299200000005,6867.68663,0.25671,129,491162581.01717806
2025-01-02,Large,12842.26036,12966.79575,124.53539,95,491175423.27753806
2025-01-03,Large,8214.908689999998,8295.270689999998,80.362,63,491183638.18622804
2025-10-18,Large,63.527598999999995,63.527598999999995,0.0,3,491183701.713827
2025-10-27,Large,226.26,226.26,0.0,2,491183927.97382706
2025-10-30,Large,87.22,87.22,0.0,1,491184015.19382703
2025-11-05,Large,717.4169979999999,727.079398,9.6624,10,491184732.61082506
2025-11-06,Large,384.0109,384.0109,0.0,2,491185116.621725
2025-11-10,Large,-23.0,0.0,23.0,1,491185093.621725
2025-11-12,Large,39.922399999999996,40.576499999999996,0.6540999999999999,4,491185133.544125
2025-11-15,Large,-5.3273,0.0,5.3273,1,491185128.21682507
2025-11-19,Large,20.8134,20.8134,0.0,1,491185149.03022504
2024-06-05,Medium,470.9,470.9,0.0,5,470.9
2024-06-06,Medium,4333.554398,4358.354398,24.800000000000004,14,4804.454398
2024-06-07,Medium,9356.028627,11055.398587,1699.36996,53,14160.483025
2024-06-08,Medium,-409.535594,243.089206,652.6248,14,13750.947430999999
2024-06-09,Medium,468.364148,565.396998,97.03285,19,14219.311579
2024-06-10,Medium,8253.870848,8635.527178,381.65632999999997,38,22473.182427
2024-06-11,Medium,-859.085121,713.809139,1572.89426,30,21614.097306
2024-06-12,Medium,32226.949478,32249.396507999998,22.447029999999845,38,53841.046784
2024-06-13,Medium,3808.638195,3835.772595,27.1344,27,57649.684979
2024-06-18,Medium,6661.197384,6712.055734,50.858349999999895,36,64310.882363
2024-06-19,Medium,53.946000000000005,53.946000000000005,0.0,2,64364.828363
2024-09-20,Medium,27.75,27.75,0.0,1,64392.578363
2024-09-22,Medium,-65.01875000000001,620.8999999999999,685.9187499999999,5,64327.559613
2024-09-24,Medium,-15.024090000000001,1.40466,16.42875,2,64312.535523
2024-09-26,Medium,-3.05241,0.0,3.05241,2,64309.483113
2024-09-30,Medium,-2.98128,0.0,2.98128,2,64306.501833
2024-10-02,Medium,-0.00375,0.0,0.00375,1,64306.498083
2024-10-03,Medium,13.8546,13.8546,0.0,1,64320.352683
2024-10-28,Medium,220.17831999999999,220.17831999999999,0.0,4,64540.531003
2024-10-29,Medium,217.45969999999997,217.45969999999997,0.0,5,64757.990702999996
2024-10-30,Medium,4294.56346,4294.56346,0.0,13,69052.554163
2024-10-31,Medium,1483.370536000001,1605.944286,122.57374999999902,7,70535.924699
2024-11-01,Medium,180.54539699999998,912.700997,732.1556,18,70716.470096
2024-11-02,Medium,103.93509800000027,1373.272398,1269.3372999999997,16,70820.405194
2024-11-03,Medium,1104.1271459999998,1207.325406,103.19825999999999,8,71924.53234
2024-11-04,Medium,873.256299,873.256299,0.0,2,72797.788639
2024-11-05,Medium,852.875897,1556.356597,703.4807,10,73650.664536
2024-11-06,Medium,26730.626366,31003.138756,4272.51239,42,100381.29090200001
2024-11-07,Medium,2674.399492,2674.399492,0.0,7,103055.690394
2024-11-08,Medium,41.4976880000004,2638.432988,2596.9352999999996,19,103097.18808200001
2024-11-09,Medium,-5236.683514000001,17059.601026,22296.28454,204,97860.504568
2024-11-10,Medium,1935862.154524,2937267.721994,1001405.56747,140156,2033722.659092
2024-11-11,Medium,341698.25658899994,1317165.083889,975466.8273,118116,2375420.915681
2024-11-12,Medium,10160.675934999997,13060.001054999997,2899.325119999998,559,2385581.591616
2024-11-13,Medium,3556246.6526470003,3557617.599817,1370.9471699999997,999541,5941828.244263001
2024-11-14,Medium,3499.8649929999983,6639.156112999998,3139.29112,108,5945328.109256
2024-11-15,Medium,-2499.660231,418.2117589999998,2917.8719899999996,38,5942828.449025
2024-11-16,Medium,941.781091,1930.180241,988.39915,65,5943770.230116
2024-11-17,Medium,-5346.580432000001,1036.8332579999997,6383.41369,80,5938423.649684001
2024-11-18,Medium,4188.226813,6049.591523,1861.3647099999998,97,5942611.876497
2024-11-19,Medium,-2863.977009,1544.673791,4408.6508,46,5939747.899488
2024-11-20,Medium,2352.216879,2818.8219190000004,466.60504000000003,16,5942100.116367
2024-11-21,Medium,-2145.316195,830.969385,2976.2855799999998,25,5939954.800172
2024-11-22,Medium,-1199.8491189999988,294.42351099999996,1494.2726299999988,19,5938754.951053
2024-11-23,Medium,2539.640558999999,3766.4589189999992,1226.8183599999998,26,5941294.591612
2024-11-24,Medium,-15336.654498000004,92.689942,15429.344440000003,12,5925957.937114
2024-11-25,Medium,1240.7231629999999,1768.610723,527.88756,14,5927198.660277001
2024-11-26,Medium,33976.666672,34425.226892,448.56021999999996,33,5961175.326949
2024-11-27,Medium,-4.94431,0.0,4.94431,1,5961170.382639
2024-11-28,Medium,136.77099800000002,136.78999800000003,0.019,2,5961307.153637
2024-11-29,Medium,-517.3133,0.0,517.3133,3,5960789.840337
2024-11-30,Medium,-387.65947600000004,55.49999399999999,443.15947000000006,4,5960402.180861
2024-12-01,Medium,17.799996,17.799996,0.0,2,5960419.980857001
2024-12-02,Medium,1536.590854,1657.281774,120.69092,7,5961956.571711
2024-12-12,Medium,191424.0,191424.0,0.0,2000,6153380.571711
2024-12-13,Medium,1547.269516,2010.8466759999994,463.57715999999937,28,6154927.841227001
2024-12-14,Medium,-0.33985000000001264,959.91912,960.25897,14,6154927.5013770005
2024-12-15,Medium,-1.0,0.0,1.0,1,6154926.5013770005
2024-12-16,Medium,0.0709449999999947,65.889045,65.8181,2,6154926.572322001
2024-12-17,Medium,2.063918000000008,2039.920038,2037.85612,80,6154928.63624
2024-12-18,Medium,2902649.574881,2904542.309241,1892.73436,34008,9057578.211121
2024-12-19,Medium,3601607.869446,4005934.929126,404327.05968,53959,12659186.080567
2024-12-20,Medium,2429.087481000001,27568.203201,25139.115719999998,25975,12661615.168048
2024-12-21,Medium,489580.954774,1062913.9631339998,573333.00836,151860,13151196.122822
2024-12-22,Medium,381410.96927800006,1118308.564008,736897.59473,137865,13532607.0921
2024-12-23,Medium,102415.53994199996,279293.444982,176877.90504,81918,13635022.632042
2024-12-24,Medium,571857.38538,1023466.93857,451609.55319,187814,14206880.017422
2024-12-25,Medium,361935.3268239998,2552073.720744,2190138.39392,293709,14568815.344246
2024-12-26,Medium,17395263.492448,18222813.073458,827549.58101,1141589,31964078.836694
2024-12-27,Medium,82701980.91068201,83141440.503732,439459.59305,997888,114666059.74737601
2024-12-28,Medium,92887.556484,98732.66968400001,5845.113199999997,1236,114758947.30386001
2024-12-29,Medium,-202.64040499999987,5104.801755,5307.44216,151,114758744.66345501
2024-12-30,Medium,-90.695926,94.31474399999999,185.01067,34,114758653.96752901
2024-12-31,Medium,-448.059975,218.309635,666.3696100000001,27,114758205.90755402
2025-01-01,Medium,2159.426969,3445.766039,1286.33907,23,114760365.334523
2025-01-02,Medium,682192.510133,700240.078653,18047.56852,280,115442557.844656
2025-01-03,Medium,90019.43665300001,93269.40411300001,3249.9674599999994,40,115532577.28130901
2025-10-14,Medium,7.504893999999624,1274.1608939999996,1266.656,60,115532584.78620301
2025-10-15,Medium,-72.622603,354.786797,427.4094,17,115532512.16360001
2025-10-16,Medium,-472.79549999999995,45.8,518.5955,8,115532039.3681
2025-10-17,Medium,-36.4,0.0,36.4,1,115532002.96810001
2025-10-18,Medium,1509.3413979999998,1870.027598,360.6862,26,115533512.30949801
2025-10-19,Medium,-342.13980000000004,23.46,365.5998,8,115533170.16969801
2025-10-20,Medium,6.699999999999996,52.199999999999996,45.5,2,115533176.869698
2025-10-21,Medium,-195.3,0.0,195.3,1,115532981.569698
2025-10-24,Medium,-310.36,0.0,310.36,4,115532671.209698
2025-10-26,Medium,190.0,190.0,0.0,2,115532861.209698
2025-10-27,Medium,604.159,631.159,27.0,7,115533465.36869802
2025-10-28,Medium,159.37278799999984,398.5761879999999,239.20340000000002,13,115533624.74148601
2025-10-30,Medium,-124.09530000000001,55.0,179.0953,9,115533500.64618601
2025-11-01,Medium,-112.75210000000001,0.0,112.75210000000001,2,115533387.894086
2025-11-02,Medium,-130.94882,195.99998,326.9488,8,115533256.94526601
2025-11-03,Medium,-100.74090699999998,29.999993000000003,130.74089999999998,2,115533156.20435901
2025-11-04,Medium,500.07999,749.99999,249.92000000000002,4,115533656.28434901
2025-11-05,Medium,2857.182387,2913.774387,56.592000000000006,17,115536513.466736
2025-11-06,Medium,-105.69060500000009,1051.5952949999999,1157.2859,15,115536407.776131
2025-11-07,Medium,1077.765999,1276.557999,198.79200000000003,6,115537485.54213001
2025-11-08,Medium,-3.6226999999999983,27.160000000000004,30.7827,3,115537481.91943
2025-11-09,Medium,9.783199999999997,18.9,9.116800000000001,2,115537491.70263001
2025-11-10,Medium,-56.0,0.0,56.0,1,115537435.70263001
2025-11-11,Medium,226.0,226.0,0.0,4,115537661.70263001
2025-11-12,Medium,496.4,496.4,0.0,3,115538158.10263
2025-11-13,Medium,-50.00320000000001,83.0,133.00320000000002,3,115538108.09943001
2025-11-14,Medium,1194.359996,1208.315396,13.9554,28,115539302.45942602
2025-11-15,Medium,380.743197,486.157197,105.41399999999999,29,115539683.20262301
2025-11-16,Medium,965.8679,1086.9046,121.0367,20,115540649.07052301
2025-11-17,Medium,3093.9668,4127.4068,1033.44,27,115543743.03732301
2025-11-19,Medium,1074.109896,1231.812296,157.7024,9,115544817.14721902
2024-06-05,Small,-5.2,8.2,13.4,6,-5.2
2024-06-06,Small,35.609868,35.609868,0.0,10,30.409868
2024-06-07,Small,20.675148,41.299998,20.62485,7,51.085015999999996
2024-06-08,Small,37.17987599999999,37.17987599999999,0.0,20,88.26489199999999
2024-06-09,Small,33.919978,33.919978,0.0,16,122.18486999999999
2024-06-10,Small,40.25149699999999,49.149767,8.89827,101,162.436367
2024-06-11,Small,62.469882999999996,64.799973,2.33009,24,224.90624999999997
2024-06-13,Small,28.999854000000006,28.999854000000006,0.0,2,253.90610399999997
2024-06-14,Small,-23.804199999999998,0.0,23.804199999999998,1,230.101904
2024-06-15,Small,0.6999989999999866,0.6999989999999866,0.0,1,230.80190299999998
2024-06-17,Small,4.0,4.0,0.0,1,234.80190299999998
2024-06-18,Small,10.340909000000002,22.977999,12.63709,10,245.14281199999996
2024-06-19,Small,0.356,0.356,0.0,2,245.498812
2024-09-21,Small,3.0997630000000003,3.0997630000000003,0.0,4,248.59857499999998
2024-09-23,Small,1.5706069999999999,2.239267,0.66866,8,250.16918199999998
2024-09-24,Small,1.419969,1.419969,0.0,1,251.589151
2024-09-25,Small,0.6399140000000001,0.6399140000000001,0.0,2,252.22906499999996
2024-09-26,Small,2.19,2.5780000000000003,0.388,3,254.41906499999996
2024-09-27,Small,-4.48741,0.0,4.48741,5,249.93165499999998
2024-09-28,Small,0.057245000000000004,1.029875,0.97263,4,249.98889999999997
2024-09-29,Small,0.06729500000000005,1.879645,1.81235,8,250.05619499999997
2024-09-30,Small,-0.15845499999999996,3.449535,3.60799,16,249.89773999999997
2024-10-01,Small,0.2216539999999999,0.8398939999999999,0.61824,3,250.11939399999997
2024-10-02,Small,0.149994,0.149994,0.0,1,250.26938799999996
2024-10-03,Small,-0.11356199999999994,1.6998579999999999,1.81342,9,250.15582599999996
2024-10-04,Small,-0.252915,3.869555,4.12247,17,249.90291099999996
2024-10-05,Small,1.1673339999999999,5.119474,3.95214,14,251.07024499999997
2024-10-06,Small,0.10667299999999985,6.928583,6.82191,25,251.17691799999997
2024-10-07,Small,0.03117100000000017,2.949771,2.9185999999999996,10,251.20808899999997
2024-10-09,Small,1.519955,1.519955,0.0,1,252.72804399999998
2024-10-10,Small,-1.64108,0.0,1.64108,2,251.08696399999997
2024-10-15,Small,-0.9766699999999999,0.0,0.9766699999999999,1,250.11029399999998
2024-10-17,Small,0.06635800000000014,4.559718,4.49336,8,250.17665199999996
2024-10-18,Small,0.0022649999999999615,0.339885,0.33762000000000003,2,250.17891699999998
2024-10-19,Small,0.03283200000000008,1.7697720000000001,1.7369400000000002,10,250.21174899999997
2024-10-20,Small,0.0328280000000003,2.159708,2.12688,6,250.24457699999996
2024-10-21,Small,0.021287000000000056,1.319977,1.29869,4,250.26586399999997
2024-10-22,Small,0.006738000000000022,1.019598,1.0128599999999999,4,250.27260199999998
2024-10-23,Small,5.969819,7.329919,1.3601,6,256.242421
2024-10-25,Small,3.0069780000000006,3.3099080000000005,0.30293000000000003,5,259.249399
2024-10-26,Small,3.0514929999999962,5.409792999999997,2.3583,9,262.300892
2024-10-27,Small,0.9213909999999993,5.069661,4.14827,15,263.22228299999995
2024-10-28,Small,0.03859599999999974,1.9299959999999998,1.8914,4,263.260879
2024-10-29,Small,0.22101499999999966,11.229804999999999,11.008790000000001,14,263.48189399999995
2024-10-30,Small,55.320530999999974,88.20995099999993,32.88941999999996,60,318.80242499999997
2024-10-31,Small,-2.0621170000000006,26.139983,28.2021,51,316.7403079999999
2024-11-01,Small,9.827580000000003,40.77798,30.9504,45,326.5678879999999
2024-11-02,Small,16.307017999999996,45.959987999999996,29.65297,30,342.87490599999995
2024-11-03,Small,6.073739999999992,163.96994,157.8962,108,348.94864599999994
2024-11-04,Small,34.899995999999916,34.899995999999916,0.0,5,383.84864199999987
2024-11-05,Small,74.14196199999999,86.699962,12.558,10,457.99060399999985
2024-11-06,Small,68.164565,70.339995,2.17543,10,526.1551689999999
2024-11-07,Small,80.234866,86.249966,6.0151,15,606.3900349999999
2024-11-08,Small,62.455521,93.007821,30.5523,14,668.8455559999999
2024-11-09,Small,235.9014,310.4894,74.588,68,904.7469559999998
2024-11-10,Small,260.47982699999994,354.0783069999999,93.59848,73,1165.2267829999998
2024-11-11,Small,264.1447799999999,765.3462899999998,501.20151,172,1429.3715629999997
2024-11-12,Small,2352.3041059999996,2397.5701759999997,45.26607,413,3781.6756689999993
2024-11-13,Small,2005.9342369999993,2075.6435169999995,69.70927999999999,624,5787.609905999999
2024-11-14,Small,101.75889399999988,912.1745639999998,810.41567,229,5889.368799999998
2024-11-15,Small,163.91814599999978,458.21630599999975,294.29816,165,6053.286945999998
2024-11-16,Small,115.96145499999989,123.56835499999988,7.6069,75,6169.248400999998
2024-11-17,Small,220.26986999999994,258.9362999999999,38.666429999999984,120,6389.518270999998
2024-11-18,Small,26.488788999999976,97.28520899999998,70.79642,71,6416.007059999998
2024-11-19,Small,20.869434000000012,24.639114,3.7696799999999873,25,6436.876493999998
2024-11-20,Small,41.619661999999856,139.57906199999985,97.9594,27,6478.496155999997
2024-11-21,Small,11.699513999999999,18.839254,7.139740000000001,24,6490.195669999998
2024-11-22,Small,0.9851459999999994,18.408846,17.4237,83,6491.180815999998
2024-11-23,Small,300.518796,416.112486,115.59369,79,6791.699611999998
2024-11-24,Small,127.13302,143.19359,16.060570000000002,69,6918.832631999998
2024-11-25,Small,46.953814,51.523534,4.569719999999997,67,6965.786445999998
2024-11-26,Small,61.99317299999999,68.911363,6.91819,99,7027.779618999998
2024-11-27,Small,97.972071,97.99981100000001,0.027739999999999997,16,7125.751689999998
2024-11-28,Small,147.781622,155.629562,7.8479399999999995,23,7273.533311999998
2024-11-29,Small,124.900442,128.279642,3.3792,22,7398.433753999998
2024-11-30,Small,99.63257999999999,99.63257999999999,0.0,11,7498.066333999998
2024-12-01,Small,40.101265999999995,42.99998599999999,2.89872,8,7538.167599999998
2024-12-02,Small,311.330764,322.330274,10.99951,24,7849.498363999998
2024-12-13,Small,36.442319999999995,37.45792,1.0156,28,7885.940683999997
2024-12-14,Small,-0.7960279999999962,71.099992,71.89602,16,7885.144655999998
2024-12-15,Small,32.964575,36.459575,3.495,9,7918.109230999998
2024-12-16,Small,-0.5,0.0,0.5,1,7917.609230999998
2024-12-17,Small,4.649248,4.649248,0.0,4,7922.258478999998
2024-12-18,Small,0.5,1.0,0.5,2,7922.758478999998
2024-12-19,Small,3.869752,9.261592,5.39184,8,7926.628230999998
2024-12-20,Small,-0.4290599999999998,12.95703,13.38609,11,7926.1991709999975
2024-12-21,Small,124.0034519999996,163.6342019999996,39.63075,6016,8050.202622999997
2024-12-22,Small,0.0432,0.0432,0.0,1,8050.2458229999975
2024-12-23,Small,-46.4602,0.0,46.4602,1,8003.785622999997
2024-12-24,Small,0.026990999999998766,8.999990999999998,8.973,18,8003.812613999998
2024-12-25,Small,-1.235761,0.9999989999999999,2.23576,2000,8002.576852999998
2024-12-26,Small,74.84292099999995,81.16292099999994,6.32,17,8077.419773999997
2024-12-27,Small,276.725879,736.4124489999999,459.68656999999996,149,8354.145652999998
2024-12-28,Small,387.52900399999993,764.725794,377.19678999999996,154,8741.674656999998
2024-12-29,Small,-483.26477,296.01243,779.2772,123,8258.409886999998
2024-12-30,Small,-7.757085000000098,200.34379499999991,208.10088,90,8250.652801999997
2024-12-31,Small,29.463243000000013,480.645223,451.18198,221,8280.116044999997
2025-01-01,Small,-187.43570999999997,203.08599,390.5217,77,8092.680334999997
2025-01-02,Small,531.3451509999999,685.6712809999999,154.32613,222,8624.025485999997
2025-01-03,Small,315.1718219999997,497.7836919999997,182.61187,182,8939.197307999997
2025-10-14,Small,23.574133,46.766933,23.1928,27,8962.771440999997
2025-10-15,Small,21.479944,21.479944,0.0,11,8984.251384999996
2025-10-16,Small,-3.494822000000002,6.999978,10.494800000000001,9,8980.756562999997
2025-10-17,Small,15.225898000000004,28.999998000000005,13.7741,10,8995.982460999996
2025-10-18,Small,16.182984,16.182984,0.0,3,9012.165444999997
2025-10-19,Small,83.512979,83.512979,0.0,7,9095.678423999996
2025-10-20,Small,-4.6196,11.399999999999999,16.019599999999997,4,9091.058823999996
2025-10-21,Small,27.63985,27.63985,0.0,21,9118.698673999997
2025-10-22,Small,0.9999940000000002,0.9999940000000002,0.0,1,9119.698667999997
2025-10-23,Small,-8.764801000000002,14.999998999999999,23.7648,22,9110.933866999996
2025-10-25,Small,3.976998999999997,4.999998999999997,1.0230000000000001,2,9114.910865999997
2025-10-26,Small,4.999998999999999,4.999998999999999,0.0,1,9119.910864999996
2025-10-27,Small,0.9418729999999994,4.999973,4.0581000000000005,6,9120.852737999996
2025-10-28,Small,14.369496999999997,23.669496999999996,9.3,5,9135.222234999997
2025-10-29,Small,-11.410001,0.9999990000000001,12.41,3,9123.812233999997
2025-10-30,Small,6.0604949999999995,10.999994999999998,4.9395,4,9129.872728999997
2025-10-31,Small,9.058695,13.999995,4.9413,6,9138.931423999997
2025-11-01,Small,19.039998999999998,19.039998999999998,0.0,3,9157.971422999997
2025-11-02,Small,0.9999889999999999,0.9999889999999999,0.0,1,9158.971411999997
2025-11-03,Small,42.99997099999999,42.99997099999999,0.0,6,9201.971382999996
2025-11-04,Small,53.749983,67.09998300000001,13.35,7,9255.721365999996
2025-11-05,Small,148.043464,187.889964,39.8465,28,9403.764829999996
2025-11-06,Small,37.57917,68.59117,31.012,17,9441.343999999997
2025-11-07,Small,50.054399,58.449999,8.3956,8,9491.398398999996
2025-11-08,Small,9.137396999999998,29.999997,20.8626,7,9500.535795999996
2025-11-09,Small,31.192797999999996,31.192797999999996,0.0,9,9531.728593999997
2025-11-10,Small,1.9999980000000002,1.9999980000000002,0.0,2,9533.728591999998
2025-11-11,Small,0.9999940000000002,0.9999940000000002,0.0,1,9534.728585999997
2025-11-12,Small,6.999995,6.999995,0.0,3,9541.728580999998
2025-11-13,Small,7.440783999999999,13.439983999999999,5.9992,8,9549.169364999996
2025-11-14,Small,-22.85262,24.14998,47.0026,7,9526.316744999996
2025-11-15,Small,5.752797999999999,10.239998,4.4872,3,9532.069542999996
2025-11-16,Small,41.659993,43.549993,1.89,8,9573.729535999997
2025-11-17,Small,-42.706601,17.799999,60.5066,6,9531.022934999997
2025-11-18,Small,-20.650199999999998,0.0,20.650199999999998,2,9510.372734999997
2025-11-19,Small,9.864199,10.849998999999999,0.9858000000000001,5,9520.236933999997
