market_id,user_id,total_buy,total_sell,net_amount,num_trades
will-john-cornyn-be-the-next-seante-majority-leader,0x0054c4a7d35537869f23042ae7cb540c5c7a7f85,80.68830000000001,0.0,80.68830000000001,8
will-john-cornyn-be-the-next-seante-majority-leader,0x00735153971209e2d27b76aba35abfd96d531977,51.759189,51.70638,0.05280899999999633,2
will-john-cornyn-be-the-next-seante-majority-leader,0x00ea6b89004a3109d3eaf755163f9719510ba1fc,1.329669,0.0,1.329669,1
will-john-cornyn-be-the-next-seante-majority-leader,0x010740f5db8c697c03d7b54808ffaa4d81762acc,0.62139,0.0,0.62139,1
will-john-cornyn-be-the-next-seante-majority-leader,0x04a4cfa1401c6c2ace9603729a48378e7a283a7f,52.509437999999996,52.45488,0.054557999999993,2
will-john-cornyn-be-the-next-seante-majority-leader,0x04bd15e9e8d3bc0811cdba2c901ee0d732167ab8,27.54243,27.48729,0.05513999999999797,2
will-john-cornyn-be-the-next-seante-majority-leader,0x0511e98a886a9350aba3183a4190408d100d6b30,1.0,0.5,0.5,2
will-john-cornyn-be-the-next-seante-majority-leader,0x0583329e6083d3a4225df3208b7495d8022c7bdb,0.05994,0.0,0.05994,1
will-john-cornyn-be-the-next-seante-majority-leader,0x05e99590c6de72b16a0e089324a77f7e48346c04,0.02,0.0,0.02,1
will-john-cornyn-be-the-next-seante-majority-leader,0x062220c4417780078bb586274b62657ea200f50e,17.73227,17.69454,0.03772999999999982,3
will-john-cornyn-be-the-next-seante-majority-leader,0x06c51d52d4a0315506aa1e5ae910536f60aca6f1,51.559388999999996,51.50678,0.0526089999999968,2
will-john-cornyn-be-the-next-seante-majority-leader,0x079e1badc86b736da559e217956584f5c5b7e18a,92.0156,91.9234,0.09220000000000539,2
will-john-cornyn-be-the-next-seante-majority-leader,0x07b5f1d4cefef4e0dbabd9abe28984a00d1d5dd9,2.999997,0.0,2.999997,1
will-john-cornyn-be-the-next-seante-majority-leader,0x08d6c05ec58764bd4fae4ff68dbb5e2962dc48aa,1.0,0.25,0.75,2
will-john-cornyn-be-the-next-seante-majority-leader,0x096aa9a7bf22c661540f22a68af675627ab6bd16,956545.7280000001,0.0,956545.7280000001,9994
will-john-cornyn-be-the-next-seante-majority-leader,0x0b80a10e9b23ba9021ade040e70a5797ae98943e,0.9999989999999999,0.997,0.002998999999999863,2
will-john-cornyn-be-the-next-seante-majority-leader,0x0d3bf30122c6a46bee9f0ef5f8c71462daca1f60,1.0,0.347339999999999,0.652660000000001,2
will-john-cornyn-be-the-next-seante-majority-leader,0x0e7bfcaf43ea1fe922cbb58c9fb06f83aa39ccdb,3.9999959999999994,3.988,0.011995999999999452,2
will-john-cornyn-be-the-next-seante-majority-leader,0x0e7fde75553dd9793ab793e7bfca31c5d66ad1be,1339393.7280000001,0.0,1339393.7280000001,13994
will-john-cornyn-be-the-next-seante-majority-leader,0x0e9bf461d006d4f67794c69c8a92271468b5d74b,51.699248999999995,51.6465,0.0527489999999915,2
will-john-cornyn-be-the-next-seante-majority-leader,0x0fc4c5dcf60ab13b1a5d819070ea76be4ee6fd44,574176.288,0.0,574176.288,5999
will-john-cornyn-be-the-next-seante-majority-leader,0x10d7b0eaf5c2c1505b466b6f4a34a548891eeba2,220.80897,220.58794,0.22102999999998474,2
will-john-cornyn-be-the-next-seante-majority-leader,0x10ebdd5f1b41c6c77c067895dc55b44004dbfee6,0.9999989999999999,0.997,0.002998999999999863,2
will-john-cornyn-be-the-next-seante-majority-leader,0x118f6f13beb8da6e02be701b5333c42a0a8224e4,0.9999989999999999,0.997,0.002998999999999863,2
will-john-cornyn-be-the-next-seante-majority-leader,0x11d0369aa79cb7d6dec54047eebdc0845ce7330c,574176.288,0.0,574176.288,5999
will-john-cornyn-be-the-next-seante-majority-leader,0x137c7d5a44487f4681cfe87dbddd796ca226b9ff,0.02,0.0,0.02,1
will-john-cornyn-be-the-next-seante-majority-leader,0x13b25b4c1593d11ac0d4f1d37bbe13134de642de,50.71923,50.66846,0.05076999999999998,2
will-john-cornyn-be-the-next-seante-majority-leader,0x1416d28d1adf3a9aa42e317f05cfc4116171688b,956354.304,0.0,956354.304,9992
will-john-cornyn-be-the-next-seante-majority-leader,0x14ed8d1ddcf35d3f7d887815c44200dc782f9507,50.13981,50.08962,0.05019000000000062,2
will-john-cornyn-be-the-next-seante-majority-leader,0x156093ec8f30c39e522fd26e3267753b2f25c9a4,765600.288,0.0,765600.288,7999
will-john-cornyn-be-the-next-seante-majority-leader,0x15924a4045ffbd85775ff0b1ee4107e291735ee4,264.735,264.47,0.26499999999998636,4
will-john-cornyn-be-the-next-seante-majority-leader,0x15a53db81dba7b26f863be4af7d6abf48b34392a,0.9999989999999999,0.997,0.002998999999999863,2
will-john-cornyn-be-the-next-seante-majority-leader,0x15fc4fee37062bdd22e4fbb6375cb0b20a15ad7b,1530243.4560000002,0.0,1530243.4560000002,15988
will-john-cornyn-be-the-next-seante-majority-leader,0x16cd81548c517a4b0d47ea45cc08789b3cf86843,35.259705000000004,35.059200000000004,0.2005049999999997,2
will-john-cornyn-be-the-next-seante-majority-leader,0x16d1d1987384b3e708efeea974ad27b74c6a63f0,1338915.168,0.0,1338915.168,13989
will-john-cornyn-be-the-next-seante-majority-leader,0x171840ef584ce6bfdfff4881f143f33f4b7aa539,1.359639,0.0,1.359639,1
will-john-cornyn-be-the-next-seante-majority-leader,0x183cecaf3a257550dc5dd1f704135f75f63cf5bb,51.499449,51.4469,0.05254899999999907,2
will-john-cornyn-be-the-next-seante-majority-leader,0x1976750848fb11c1a8c6dcdd01fea2f322f2f0d7,0.1,0.05,0.05,2
will-john-cornyn-be-the-next-seante-majority-leader,0x1afc5235665006a4ecd1dc159ba5e0fa93900ebc,1338723.744,0.0,1338723.744,13987
will-john-cornyn-be-the-next-seante-majority-leader,0x1bc5a6a25e11f160948fed07f830f3db69c71a18,0.73926,0.73778,0.0014800000000000368,2
will-john-cornyn-be-the-next-seante-majority-leader,0x1cba7e44bcfd5acc4513f554ab9e86453d086a4c,15995.55843,0.0,15995.55843,2
will-john-cornyn-be-the-next-seante-majority-leader,0x1e2f453b3ea2a1baff2382ddca0eeab9682db265,1.0,0.0,1.0,1
will-john-cornyn-be-the-next-seante-majority-leader,0x1f023adc2d51a1407355fae6969c03c97ad0034b,956928.5760000001,0.0,956928.5760000001,9998
will-john-cornyn-be-the-next-seante-majority-leader,0x20b990aac5d35eb1c7179e7133f42c65d2a7edfa,18.541439999999998,0.0,18.541439999999998,1
will-john-cornyn-be-the-next-seante-majority-leader,0x20d42f3313d9f03a02b9f041a9a33143026a8334,51.319629,51.26726,0.05236899999999878,2
will-john-cornyn-be-the-next-seante-majority-leader,0x20ededadf78cfbe41e98cd229b3f0c95820206d6,574559.1359999999,0.0,574559.1359999999,6003
will-john-cornyn-be-the-next-seante-majority-leader,0x21f90e5ff30c12f52fbb2fb220aa268f22faed12,0.0,13.883120000000002,-13.883120000000002,1
will-john-cornyn-be-the-next-seante-majority-leader,0x23e6f6b15a110d92127ed70f4ba9d4af5ccd41cf,95.712,0.0,95.712,1
will-john-cornyn-be-the-next-seante-majority-leader,0x248553eb1135ef51a528e6b5f57e0c77439be0ba,1339010.8800000001,0.0,1339010.8800000001,13990
will-john-cornyn-be-the-next-seante-majority-leader,0x24d9ba00c8bf9c8182eb194097005f08a4586cf4,0.0,1.3473000000000002,-1.3473000000000002,1
will-john-cornyn-be-the-next-seante-majority-leader,0x2686ac710142efaa913ff46ff7fd74a4bc493830,214.63514999999998,214.4203,0.21484999999998422,2
will-john-cornyn-be-the-next-seante-majority-leader,0x26e8c23ff987f3a6344ba445c0909392abb8c032,2.0,1.0,1.0,2
will-john-cornyn-be-the-next-seante-majority-leader,0x28466ae6afb33fc46d6971d958708b36b3710d91,956545.7280000001,0.0,956545.7280000001,9994
will-john-cornyn-be-the-next-seante-majority-leader,0x28d4125f680c1717c93b036051627b496b0a846b,574367.712,0.0,574367.712,6001
will-john-cornyn-be-the-next-seante-majority-leader,0x29596ce0095bcd6607f364d31ba7ff15983cc32b,956450.0160000001,0.0,956450.0160000001,9993
will-john-cornyn-be-the-next-seante-majority-leader,0x29680e0f8635a319fe9f4916bb6d944e05dee50e,50.69925,50.6485,0.05075000000000074,2
will-john-cornyn-be-the-next-seante-majority-leader,0x29a97762cc9adeebc7998009de039b6821e07ab6,0.02,0.0,0.02,1
will-john-cornyn-be-the-next-seante-majority-leader,0x29ae3975ed9cd558e6e4291a497ff60104b93349,51.619329,51.56666,0.05266900000000163,2
will-john-cornyn-be-the-next-seante-majority-leader,0x2a580ac892dbe074f5df76dc038a4d4e7a57c82e,0.9999989999999999,0.997,0.002998999999999863,2
will-john-cornyn-be-the-next-seante-majority-leader,0x2c264f30d049f68a820a28d035c3c1ef87c3655e,1147682.592,0.0,1147682.592,11991
will-john-cornyn-be-the-next-seante-majority-leader,0x2c3a8dfce913867bb2f4e5653465af0509bff66d,191615.424,0.0,191615.424,2002
will-john-cornyn-be-the-next-seante-majority-leader,0x2eda8a6c686e3d90752a28fed643c06b200413c1,956545.7280000001,0.0,956545.7280000001,9994
will-john-cornyn-be-the-next-seante-majority-leader,0x2f2cc1036e246ac6cbb8b1755eca80d6d3460776,51.539409,51.48682,0.052588999999997554,2
will-john-cornyn-be-the-next-seante-majority-leader,0x3131a6728e0269f54a7b3881659aca4793c7a71d,765408.8640000001,0.0,765408.8640000001,7997
will-john-cornyn-be-the-next-seante-majority-leader,0x3165c61e68c6c6b8948919129fb9b09f407bc174,1530434.8800000001,0.0,1530434.8800000001,15990
will-john-cornyn-be-the-next-seante-majority-leader,0x3189f5d17666a59d22042c7504223cf25a52fd6a,313.94973600000003,313.31721999999996,0.6325160000000665,2
will-john-cornyn-be-the-next-seante-majority-leader,0x3314d0115ce3fa89b37a920d14ca8ab72be30f0b,0.8,0.0,0.8,1
will-john-cornyn-be-the-next-seante-majority-leader,0x337e8200b5835c6f19193f33b7854f253479458c,0.02,0.0,0.02,1
will-john-cornyn-be-the-next-seante-majority-leader,0x356f861996b297940f425c0812888b48db264a5e,3.97,1.985,1.985,2
will-john-cornyn-be-the-next-seante-majority-leader,0x36597e2c7b3533958f3e4667ca0bad1cc6d2ed62,1147969.7280000001,0.0,1147969.7280000001,11994
will-john-cornyn-be-the-next-seante-majority-leader,0x36e7557f63b7c4703c977f871e98c9b65fda663f,50.80914,50.75828,0.05086000000000013,2
will-john-cornyn-be-the-next-seante-majority-leader,0x3715d1a3f0faacf8e02731929c93e39a83d00061,5.999994,5.982,0.017993999999999843,2
will-john-cornyn-be-the-next-seante-majority-leader,0x3c99462707817da4c29c39e13fa56f6ca9ec6cf4,1678.77954,1675.41862,3.3609200000000783,4
will-john-cornyn-be-the-next-seante-majority-leader,0x3cdd7cb51564dc1f21aef900b720704c771b8bdc,0.0432,0.0,0.0432,1
will-john-cornyn-be-the-next-seante-majority-leader,0x3d4fa786bb27158f27f16b074c439bf53a6d3837,50.83911,50.78822,0.05088999999999544,2
will-john-cornyn-be-the-next-seante-majority-leader,0x3e237d1983cb0fdf2e5e293abc508b3ee489a36d,4.999995,4.985,0.01499499999999987,2
will-john-cornyn-be-the-next-seante-majority-leader,0x3e822f537199ade957e9e81d6ba318f66f018fef,50.11983,50.06966,0.05017000000000138,2
will-john-cornyn-be-the-next-seante-majority-leader,0x3ed8284a9ee2c0dfd1787d1f51653e165c6d0572,2.999997,0.0,2.999997,1
will-john-cornyn-be-the-next-seante-majority-leader,0x3efd836fc063f9fd40baecca058bfb3b9c2dde8a,956641.4400000001,0.0,956641.4400000001,9995
will-john-cornyn-be-the-next-seante-majority-leader,0x3f2f12fd9f0b8503bbfed28398aa6443f8bc7c77,50.33961,50.28922,0.05039000000000016,2
will-john-cornyn-be-the-next-seante-majority-leader,0x4072714c49bd2febdca7e5850a18f15fb8382d30,0.02,0.0,0.02,1
will-john-cornyn-be-the-next-seante-majority-leader,0x43cf49da88d6fbf62f3e8e3f38731f9c576d7c7c,765696.0,0.0,765696.0,8000
will-john-cornyn-be-the-next-seante-majority-leader,0x443dc77574b96376ea13c05aaf0f5f145432b949,0.06,0.0,0.06,1
will-john-cornyn-be-the-next-seante-majority-leader,0x444e1b2ccf56b63e6b54e1357df184843f3401d0,0.0,0.25,-0.25,1
will-john-cornyn-be-the-next-seante-majority-leader,0x4472a09e85fd7f75556c626133a63bd4e9218608,0.02,0.0,0.02,1
will-john-cornyn-be-the-next-seante-majority-leader,0x450581175d5227ddfd991b521ba03a7b9c4193e4,1.019979,0.0,1.019979,1
will-john-cornyn-be-the-next-seante-majority-leader,0x45de557ba5ac048fcd2fb95b92e4c44f8f9945e2,51.059889,51.00778,0.052109000000001515,2
will-john-cornyn-be-the-next-seante-majority-leader,0x463526d99d4add5cb293f672f99f90a6e1903835,0.96903,0.9680599999999999,0.0009700000000000264,2
will-john-cornyn-be-the-next-seante-majority-leader,0x48a03fc89d8cb0dcae5fd66a7d51715a2c81c06f,574272.0,0.0,574272.0,6000
will-john-cornyn-be-the-next-seante-majority-leader,0x48ad71f1a850a6c144241a935cbd09130c17e12d,1721476.0320000001,0.0,1721476.0320000001,17986
will-john-cornyn-be-the-next-seante-majority-leader,0x49413a89d940c41370968e68a317edaa059049fc,191.424,0.0,191.424,2
will-john-cornyn-be-the-next-seante-majority-leader,0x4b089b44da8581ddaf2b86c9858382edbaecb9a1,956737.152,0.0,956737.152,9996
will-john-cornyn-be-the-next-seante-majority-leader,0x4bc833a50ee776aa497e43486d6a8eb843011bfe,0.0,0.007,-0.007,1
will-john-cornyn-be-the-next-seante-majority-leader,0x4bd6ec6528bded00352f5894b4e14988add9b45a,0.02,0.0,0.02,1
will-john-cornyn-be-the-next-seante-majority-leader,0x4d95a74c09d2d79e8a3956a73fc8114be17dc029,1.439559,0.0,1.439559,1
will-john-cornyn-be-the-next-seante-majority-leader,0x4ed2168a0599b490f1eca1b19ee5b9966bd549dc,2.0,1.0,1.0,4
will-john-cornyn-be-the-next-seante-majority-leader,0x4f1440e78e4ec176f8c83402aa2ea19f75413845,51.049898999999996,50.9978,0.05209899999999834,2
will-john-cornyn-be-the-next-seante-majority-leader,0x4fbdf4581fd790c90b4a5cef13a2d8f70c3f6537,51.679269000000005,51.62654,0.052729000000006465,2
will-john-cornyn-be-the-next-seante-majority-leader,0x4fe50cb1fd4cdae2be05d699655fd425fe29f31a,0.9999989999999999,0.997,0.002998999999999863,2
will-john-cornyn-be-the-next-seante-majority-leader,0x4fe70d02fc34fb4ce609140a1658eda4124643df,50.48946,50.438919999999996,0.050540000000005136,2
will-john-cornyn-be-the-next-seante-majority-leader,0x5000996ee4e023f72878b0dbdaceb25d3661ad27,956258.5920000001,0.0,956258.5920000001,9991
will-john-cornyn-be-the-next-seante-majority-leader,0x5085d3b7ce07d0a75859eedf52dcedeec1a78aae,51.489459,51.43692,0.052538999999995895,2
will-john-cornyn-be-the-next-seante-majority-leader,0x5184dead47c50c6a79e884b76da8f5c39e2d7d19,0.0,1.1477,-1.1477,1
will-john-cornyn-be-the-next-seante-majority-leader,0x519750010d524b207446e7837128d32656c10b8f,51.699248999999995,51.6465,0.0527489999999915,2
will-john-cornyn-be-the-next-seante-majority-leader,0x51a8b884f8b6baad3df6d3832de6b7347f5a8e49,0.9999989999999999,0.998,0.001998999999999862,2
will-john-cornyn-be-the-next-seante-majority-leader,0x52f288761e17df798da5d53338ceb6cc40fe651a,51.109839,51.05768,0.052159000000003175,2
will-john-cornyn-be-the-next-seante-majority-leader,0x534d851d8398c85c16848295948681aab08ddc3d,0.9999989999999999,0.997,0.002998999999999863,2
will-john-cornyn-be-the-next-seante-majority-leader,0x5415a51802aadcfa54e7095e1d18c8a86c849939,1530339.168,0.0,1530339.168,15989
will-john-cornyn-be-the-next-seante-majority-leader,0x557d4d16ccdabf4b6f0669c66b7be88648078713,383039.424,0.0,383039.424,4002
will-john-cornyn-be-the-next-seante-majority-leader,0x5637d1724b98ff6507883246174147a64b1981dd,17.54244,0.0,17.54244,1
will-john-cornyn-be-the-next-seante-majority-leader,0x56863b8d8d4ef6d9a1debe1f5dc4fb420f0fdc62,383135.136,0.0,383135.136,4003
will-john-cornyn-be-the-next-seante-majority-leader,0x56a903d79d59788d14762d4fc585997320a3128e,2.9999999999999996,0.0,2.9999999999999996,1
will-john-cornyn-be-the-next-seante-majority-leader,0x571127447d6927e058b32d022e094f71b16278bd,4.999995,4.99,0.009994999999999976,2
will-john-cornyn-be-the-next-seante-majority-leader,0x58413f77875e83e5de0ced452f3b6ff1c800ec96,2.39,1.195,1.195,2
will-john-cornyn-be-the-next-seante-majority-leader,0x59841dd5d238069c0f165ad9348e1613e1813e68,1339202.304,0.0,1339202.304,13992
will-john-cornyn-be-the-next-seante-majority-leader,0x5a43a434dcb9365b863ed1f1bd5e4a8305224db5,50.88906,50.838119999999996,0.050940000000004204,2
will-john-cornyn-be-the-next-seante-majority-leader,0x5b25a4ec6412ab72198e686f582b8c3e1b2caf64,0.05,0.0,0.05,1
will-john-cornyn-be-the-next-seante-majority-leader,0x5d3a78c1435d02a0a44de7a404df94959ccd0137,51.249699,51.197399999999995,0.05229900000000498,2
will-john-cornyn-be-the-next-seante-majority-leader,0x5d87e3d8c68a9b893cc11d95fd05b779d9120e3f,51.989958,51.935919999999996,0.05403800000000558,2
will-john-cornyn-be-the-next-seante-majority-leader,0x5f390e4b7d6f06d6756a6c92afdbf7b3176aa78c,103.61884999999998,0.0,103.61884999999998,16
will-john-cornyn-be-the-next-seante-majority-leader,0x5f74e32774118fc9116c8f0f1f7744b3a899334a,14.97,0.0,14.97,1
will-john-cornyn-be-the-next-seante-majority-leader,0x5f849ac0134fa6d2f1da8bd3cd303fc4f8115384,1.4195790000000001,0.0,1.4195790000000001,1
will-john-cornyn-be-the-next-seante-majority-leader,0x609f056a8412b19a7f687dea912d4691fde8df9a,50.929019999999994,50.87804,0.050979999999995584,2
will-john-cornyn-be-the-next-seante-majority-leader,0x60cd7dfd942584e1ae3276f0967326d8ee314d3f,50.149800000000006,50.0996,0.0502000000000038,2
will-john-cornyn-be-the-next-seante-majority-leader,0x61079355e803edbe022fd11d5075ba011858d95c,1339202.304,0.0,1339202.304,13992
will-john-cornyn-be-the-next-seante-majority-leader,0x61a6b95e256caa56f884772f22d87388e5bd592e,765313.152,0.0,765313.152,7996
will-john-cornyn-be-the-next-seante-majority-leader,0x620c11e1a64adc8860f3ddebb06a0fe3b517253b,0.02,0.0,0.02,1
will-john-cornyn-be-the-next-seante-majority-leader,0x6360c996d8a85806ec129e27b7bbd1cf629190f5,1338819.4560000002,0.0,1338819.4560000002,13988
will-john-cornyn-be-the-next-seante-majority-leader,0x63c6aa6092c854216414884a8ee5a84939a32946,0.9,0.45,0.45,2
will-john-cornyn-be-the-next-seante-majority-leader,0x63d43bbb87f85af03b8f2f9e2fad7b54334fa2f1,1428.52909,0.0,1428.52909,9
will-john-cornyn-be-the-next-seante-majority-leader,0x6453b2ec23b13317a1d0ac1010d48ca617d27e49,9.99999,9.97997,0.020020000000000593,2
will-john-cornyn-be-the-next-seante-majority-leader,0x64a46930bec4b0c017b07dce0d905bbb32779878,0.9999999999999722,0.36445,0.6355499999999723,2
will-john-cornyn-be-the-next-seante-majority-leader,0x67ef94d032a6f5c012772219886275ec35714973,51.119829,51.067660000000004,0.052168999999999244,2
will-john-cornyn-be-the-next-seante-majority-leader,0x6850a0888bfbc404d4289ff26bf31008e79d8aa1,956641.4400000001,0.0,956641.4400000001,9995
will-john-cornyn-be-the-next-seante-majority-leader,0x691bb1a40a8d77e935975f64dad8898627c2b4ae,574941.9839999999,0.0,574941.9839999999,6007
will-john-cornyn-be-the-next-seante-majority-leader,0x6a254dd0594c2005f1261c171f191ecc785811b6,51.069879,51.017759999999996,0.05211900000000469,2
will-john-cornyn-be-the-next-seante-majority-leader,0x6af26bd273a8592d21416b5af8d2998ee75dda59,956832.8640000001,0.0,956832.8640000001,9997
will-john-cornyn-be-the-next-seante-majority-leader,0x6b03cb560c5e34c843caa2a51aeec202868614e7,1.0,0.5,0.5,2
will-john-cornyn-be-the-next-seante-majority-leader,0x6b0a615fa0c77c988669a019de78a22b8a437660,286.16355,0.0,286.16355,1
will-john-cornyn-be-the-next-seante-majority-leader,0x6b7ec4ba079c0a258435ea36025f6190cd424562,0.0,1.30073,-1.30073,1
will-john-cornyn-be-the-next-seante-majority-leader,0x6b8a7169a522a15c5f3a2b8edbef66afff9bf4d0,17.699303,17.65462,0.04468299999999914,3
will-john-cornyn-be-the-next-seante-majority-leader,0x6c44d9ed7c30e011eb874b887ef43ea6c3088b4c,1.9999999999999603,0.8021900000000001,1.19780999999996,2
will-john-cornyn-be-the-next-seante-majority-leader,0x6e29b8055a9578aa3f112cc0c51c260bb5622250,1530339.168,0.0,1530339.168,15989
will-john-cornyn-be-the-next-seante-majority-leader,0x6eb6e52a1c46e9931738f6ecd11c6ea572b010b4,10.049940999999999,0.5,9.549940999999999,3
will-john-cornyn-be-the-next-seante-majority-leader,0x6f8adcde78eec8306ccea67e81732402462cd7f3,1147874.016,0.0,1147874.016,11993
will-john-cornyn-be-the-next-seante-majority-leader,0x6fbcf1e0c62360b35d1e62e3835ca39e5cc90576,1339010.8800000001,0.0,1339010.8800000001,13990
will-john-cornyn-be-the-next-seante-majority-leader,0x6fec2e30fe1be533af89e2b6da177e72c0beb552,956354.304,0.0,956354.304,9992
will-john-cornyn-be-the-next-seante-majority-leader,0x7086edf1dd06b0be753a4dd3f7480cb37a10e493,51.809138999999995,51.75628,0.05285899999999799,2
will-john-cornyn-be-the-next-seante-majority-leader,0x71a14ce32f7b17f3f697fa38d143ebfd1bed53ec,1529956.3200000003,0.0,1529956.3200000003,15985
will-john-cornyn-be-the-next-seante-majority-leader,0x72ae0bf91c1aa535d0ed9fe585c4061e9118cbdf,104.36552999999999,0.0,104.36552999999999,1
will-john-cornyn-be-the-next-seante-majority-leader,0x74d7dfc85e139b703eb3a7f31da6195b6661c095,1912421.472,0.0,1912421.472,19981
will-john-cornyn-be-the-next-seante-majority-leader,0x74e600ef3e0ab46efc54db74ed4a7b34a041a379,50.05989,50.00978,0.05011000000000365,2
will-john-cornyn-be-the-next-seante-majority-leader,0x7646a526e3b0ada953b5d47d3bc94a9def675ab1,50.22972,50.17944,0.05028000000000077,2
will-john-cornyn-be-the-next-seante-majority-leader,0x765f375ae8d738979ae76c38d4381ff73f228145,1.4195790000000001,0.0,1.4195790000000001,1
will-john-cornyn-be-the-next-seante-majority-leader,0x79874e4b888ecbbf65676ff6784633823513f5b9,383230.848,0.0,383230.848,4004
will-john-cornyn-be-the-next-seante-majority-leader,0x79ea756f5300984a4078652a405cec7bb9c9a576,0.9999989999999999,0.998,0.001998999999999862,2
will-john-cornyn-be-the-next-seante-majority-leader,0x7aaf58669274bd0739757e3096d37c284fd47290,1147874.016,0.0,1147874.016,11993
will-john-cornyn-be-the-next-seante-majority-leader,0x7ccae31467c8ecb2277431bca9f3920060e6a8b1,3.9999959999999994,3.988,0.011995999999999452,2
will-john-cornyn-be-the-next-seante-majority-leader,0x7cd1e9c68cd2d065e6be83f7ca08afda5625ec5e,1147682.592,0.0,1147682.592,11991
will-john-cornyn-be-the-next-seante-majority-leader,0x7d142a238b0a70bc4eef587b52ebde821ecc5d39,245.619135,245.36828000000003,0.25085499999997296,2
will-john-cornyn-be-the-next-seante-majority-leader,0x7dc733b54fad49d757286b33b24921920df093cd,956832.8640000001,0.0,956832.8640000001,9997
will-john-cornyn-be-the-next-seante-majority-leader,0x7f018e63d2dbfbf5082b67535c2e6c4d36dd14be,1912517.1840000001,0.0,1912517.1840000001,19982
will-john-cornyn-be-the-next-seante-majority-leader,0x7f45013574f7c569c8b029847dc16acd0b0340a1,9.99999,9.984,0.015990000000000393,2
will-john-cornyn-be-the-next-seante-majority-leader,0x803b076cbd07ae9e910c94718a9bb81992a8600d,19.99998,0.0,19.99998,1
will-john-cornyn-be-the-next-seante-majority-leader,0x8088a724bb05a078af386e8c81211d026841378d,50.289660000000005,50.239320000000006,0.0503399999999985,2
will-john-cornyn-be-the-next-seante-majority-leader,0x82d200981ccb0797fdace78e50de5748d3382a9f,956737.152,0.0,956737.152,9996
will-john-cornyn-be-the-next-seante-majority-leader,0x83f65dfe37195252d6660dd365365b7e59438b96,1.0,0.5,0.5,2
will-john-cornyn-be-the-next-seante-majority-leader,0x841b8d54f6edbee2f93beed62b2ffdab1b55baa9,1.239759,0.0,1.239759,1
will-john-cornyn-be-the-next-seante-majority-leader,0x84380a7852378a943619f5c7b62c75e8fb50296b,1.0,0.5,0.5,2
will-john-cornyn-be-the-next-seante-majority-leader,0x84c488f7cc0aa0d6483d7ad9c58305a39fa2ea8a,0.5794199999999999,0.57826,0.0011599999999999389,2
will-john-cornyn-be-the-next-seante-majority-leader,0x8762f9360f595197254f5dfaad675a11132007a1,1.5399999999999,0.0,1.5399999999999,1
will-john-cornyn-be-the-next-seante-majority-leader,0x87a6628775ace7be15e2dde6cf430760ce6f95df,4.0,2.0,2.0,2
will-john-cornyn-be-the-next-seante-majority-leader,0x886c5fc31bf376c9a933ac9fef9e0face2b6a863,2.0,1.0,1.0,2
will-john-cornyn-be-the-next-seante-majority-leader,0x88cd8b1094c13fa19309a5505a2add0416440f45,50.48946,50.438919999999996,0.050540000000005136,2
will-john-cornyn-be-the-next-seante-majority-leader,0x8be3a6e3a5065fe453cfba368ae0c0fc71aa30bf,51.409538999999995,51.35708,0.05245899999999182,2
will-john-cornyn-be-the-next-seante-majority-leader,0x8c89b4877a158c48520c3600b5ba9c68e50dd3d6,0.37962,0.37886000000000003,0.0007599999999999829,2
will-john-cornyn-be-the-next-seante-majority-leader,0x8d30e7db73911576ba81ca2357a8e2d8a5352281,0.0,5.0099599999999995,-5.0099599999999995,1
will-john-cornyn-be-the-next-seante-majority-leader,0x90e9e82151abd9bb2ebf2ea8132ecc63f99eb36e,956832.8640000001,0.0,956832.8640000001,9997
will-john-cornyn-be-the-next-seante-majority-leader,0x91326c1af7ab1f0dd46b46ed1f77f522548e5491,51.749199000000004,51.6964,0.05279900000000737,2
will-john-cornyn-be-the-next-seante-majority-leader,0x918f37a302751489561c2277a394ed84ceff6429,765313.152,0.0,765313.152,7996
will-john-cornyn-be-the-next-seante-majority-leader,0x918f52b071a0d5dc82990bfbd610ea40345a705d,1.0,0.0,1.0,1
will-john-cornyn-be-the-next-seante-majority-leader,0x91d20bf1adfaaf8fba6c9f1ed5f02efd09f59b8e,52.309638,52.25528,0.05435800000000057,2
will-john-cornyn-be-the-next-seante-majority-leader,0x92921a3301db84379152c3c047c01de2b9533ebd,1148448.288,0.0,1148448.288,11999
will-john-cornyn-be-the-next-seante-majority-leader,0x929e8ef680ed0570e030434179e0618ae579114a,1147874.016,0.0,1147874.016,11993
will-john-cornyn-be-the-next-seante-majority-leader,0x9323f3bbb4c63e202c4cfa14ba903e2c602238a4,0.02,0.0,0.02,1
will-john-cornyn-be-the-next-seante-majority-leader,0x94537e58fbba53d933f4726a346ac30131cdca7d,51.129819,51.07764,0.05217899999999531,2
will-john-cornyn-be-the-next-seante-majority-leader,0x962e007cbdff7b24b97c1e993a0212db7cbade5f,383230.848,0.0,383230.848,4004
will-john-cornyn-be-the-next-seante-majority-leader,0x9667fdf3d7435e1f6e9d8cc961b027bda3fafd48,52.479468,52.42494,0.05452799999999769,2
will-john-cornyn-be-the-next-seante-majority-leader,0x96a45b19604cd6238a38e5b818fa166f5a5d4d01,0.0,0.99991,-0.99991,1
will-john-cornyn-be-the-next-seante-majority-leader,0x96b59f71f635da5da031e3e93448c54fe226f5e7,0.0,2.1168899999999997,-2.1168899999999997,4
will-john-cornyn-be-the-next-seante-majority-leader,0x96e485d8cabc258531ac973ac8274f1324549d58,574080.576,0.0,574080.576,5998
will-john-cornyn-be-the-next-seante-majority-leader,0x9716e40c6b29b5cb2df035ac09fe52c8eed3e32b,0.9999989999999999,0.997,0.002998999999999863,2
will-john-cornyn-be-the-next-seante-majority-leader,0x98bff370178a380d32363e172145c4ceb1adaeb7,0.02,0.0,0.02,1
will-john-cornyn-be-the-next-seante-majority-leader,0x99826a45da11749e904110bdacd9e15a31122034,1339106.5920000002,0.0,1339106.5920000002,13991
will-john-cornyn-be-the-next-seante-majority-leader,0x99f04885694f9b1955a626bc5809ee92821b4f73,765408.8640000001,0.0,765408.8640000001,7997
will-john-cornyn-be-the-next-seante-majority-leader,0x9aa2b650ae3808dea00687451e16bb075262cf80,765408.8640000001,0.0,765408.8640000001,7997
will-john-cornyn-be-the-next-seante-majority-leader,0x9afd1510c8729ca5c4347572ff672114ac1ecf12,50.17977,50.12954,0.05022999999999911,2
will-john-cornyn-be-the-next-seante-majority-leader,0x9bfe05a1924ba889d4f98feee28196ba0033bef9,51.009939,50.95788,0.052058999999999855,2
will-john-cornyn-be-the-next-seante-majority-leader,0x9c590289131315440f6d0279bb39eebe37bc72a7,765887.424,0.0,765887.424,8002
will-john-cornyn-be-the-next-seante-majority-leader,0x9d2b3fd70980fda3503460d04f23cfd455cab62e,50.19975,50.1495,0.05024999999999835,2
will-john-cornyn-be-the-next-seante-majority-leader,0x9dde660ef131e774be1c67c45762b9f05d231991,6.999993,6.979,0.020992999999999817,2
will-john-cornyn-be-the-next-seante-majority-leader,0x9de95a5764f35db1c4af1b6889dfafdcf6037abe,6.999993,0.0,6.999993,1
will-john-cornyn-be-the-next-seante-majority-leader,0x9e6ecda26642a867e674cecbdb25014b05d0b8ea,1.0,0.5,0.5,2
will-john-cornyn-be-the-next-seante-majority-leader,0xa122e633c4acfe1025363b505f5ec0c0aaac6651,1339010.8800000001,0.0,1339010.8800000001,13990
will-john-cornyn-be-the-next-seante-majority-leader,0xa1d3eb7d53339f6770196365fb52d506feaec94d,0.9999989999999999,0.997,0.002998999999999863,2
will-john-cornyn-be-the-next-seante-majority-leader,0xa1e050b37ad9de0d244e32a320377ba786a58ae3,3.999999999999948,1.64032,2.359679999999948,2
will-john-cornyn-be-the-next-seante-majority-leader,0xa1e51e6d3af121600c50032cd2c7707d8d083384,0.02,0.0,0.02,1
will-john-cornyn-be-the-next-seante-majority-leader,0xa21fbc0fd7588bb298e5b9bcf2219bea3d9756e6,3.37,1.685,1.685,2
will-john-cornyn-be-the-next-seante-majority-leader,0xa22aa0f62379bde1fc324912b910ac4d9dbe08e5,956545.7280000001,0.0,956545.7280000001,9994
will-john-cornyn-be-the-next-seante-majority-leader,0xa249e5fee19961dd22527dc4d088699de676cd64,1.049949,0.0,1.049949,1
will-john-cornyn-be-the-next-seante-majority-leader,0xa3bbe27c02436c3569a391866dfbff94fe59e802,0.092,0.0,0.092,1
will-john-cornyn-be-the-next-seante-majority-leader,0xa41faf42affcea68df9eb2371e6bf9a69d4abcb8,1147778.304,0.0,1147778.304,11992
will-john-cornyn-be-the-next-seante-majority-leader,0xa43a327123651a71fe3982a770960963383ff5a3,19.99992,19.99992,0.0,2
will-john-cornyn-be-the-next-seante-majority-leader,0xa44e2a6c8c158cea99d704487b7487104e98bb52,0.08198000000000001,0.0,0.08198000000000001,1
will-john-cornyn-be-the-next-seante-majority-leader,0xa5146d2f3016bc4488eab64f0af844f4800188c6,259.74,259.48,0.2599999999999909,5
will-john-cornyn-be-the-next-seante-majority-leader,0xa54bbb8685100143f1fa435c343704ce18842cfc,51.209739000000006,51.15748,0.052259000000006495,2
will-john-cornyn-be-the-next-seante-majority-leader,0xa69b972ba954d869ee19f27d1434b146076e1f74,1912995.7440000002,0.0,1912995.7440000002,19987
will-john-cornyn-be-the-next-seante-majority-leader,0xa88da84adf8bac3a4b4064304f8d0cc79ddb221c,0.0,46.4602,-46.4602,1
will-john-cornyn-be-the-next-seante-majority-leader,0xa9bfeb3fdf279af8cb99f6ec63b82ed04b0970fb,5.0,0.0,5.0,1
will-john-cornyn-be-the-next-seante-majority-leader,0xa9c75c4f07c1abe5884e3d1e3f23260bfbd4de60,1148256.864,0.0,1148256.864,11997
will-john-cornyn-be-the-next-seante-majority-leader,0xa9e0cf7641609a94c8582d5b23a85c29dd34b0ff,1338819.4560000002,0.0,1338819.4560000002,13988
will-john-cornyn-be-the-next-seante-majority-leader,0xaa1eb270827711e84899fe26214a04e27b8952e2,0.37962,0.37886000000000003,0.0007599999999999829,2
will-john-cornyn-be-the-next-seante-majority-leader,0xaa72c43c4b204b5226bf48beffbf86577613a247,3.0,0.0,3.0,1
will-john-cornyn-be-the-next-seante-majority-leader,0xaaf0970cc46ad52f3313c60712fc3e2fbf97bfea,35.329635,0.0,35.329635,1
will-john-cornyn-be-the-next-seante-majority-leader,0xab1a05798c8a9cc089d4f5723c208bba94c5aa61,0.7892100000000001,0.78763,0.0015800000000000258,2
will-john-cornyn-be-the-next-seante-majority-leader,0xabe064fdab05dbab6a2f7531acbd206696544efc,50.399550000000005,50.3491,0.05045000000000499,2
will-john-cornyn-be-the-next-seante-majority-leader,0xabf5e71b1d726bffa035ba583466b9dffa4231c1,956354.304,0.0,956354.304,9992
will-john-cornyn-be-the-next-seante-majority-leader,0xac937d4f74d8396b4e8f5fa6bdf5cebd43857b55,1147874.016,0.0,1147874.016,11993
will-john-cornyn-be-the-next-seante-majority-leader,0xac9c7815624e9a0405303d5a96fdf5c7aa2990be,0.9999989999999999,0.997,0.002998999999999863,2
will-john-cornyn-be-the-next-seante-majority-leader,0xacb7dac5a8e7fd0b56407482b9ce093ed5bb1261,9.99,9.97,0.019999999999999574,2
will-john-cornyn-be-the-next-seante-majority-leader,0xacbe5ad3cd9685638ddc2fc748abb4a0cb40a815,574367.712,0.0,574367.712,6001
will-john-cornyn-be-the-next-seante-majority-leader,0xad4bd8fd041820cdd7a9d0139ec7c3de540ebdb5,1147586.88,0.0,1147586.88,11990
will-john-cornyn-be-the-next-seante-majority-leader,0xadd4a89a4db577892211bb5d90a795dfc7eb8666,956928.5760000001,0.0,956928.5760000001,9998
will-john-cornyn-be-the-next-seante-majority-leader,0xaefaff1449e67d5198c896bd4f6f1f10500ac984,0.06,0.0,0.06,3
will-john-cornyn-be-the-next-seante-majority-leader,0xafd4a06e548b5236f2874bc6d461f01b7ba4f9af,51.909039,51.85608,0.05295900000000131,2
will-john-cornyn-be-the-next-seante-majority-leader,0xb11967b56fe7aa5214887ffc1bf7b73fc18ff87b,31.968,31.904,0.06400000000000006,2
will-john-cornyn-be-the-next-seante-majority-leader,0xb1418db9a112392c127d21dba5822f4b4f634021,50.29965,50.2493,0.05035000000000167,2
will-john-cornyn-be-the-next-seante-majority-leader,0xb49f468c15c49783f2664c7198a4949ade1b12e6,9.53,0.0,9.53,1
will-john-cornyn-be-the-next-seante-majority-leader,0xb629c62428e6db9298e27ff294b9a5b0ee786f10,50.619330000000005,50.56866,0.05067000000000377,2
will-john-cornyn-be-the-next-seante-majority-leader,0xb6b830bceb3d8c7bfcca9d20303184314ed5f406,50.58936,50.53872,0.05064000000000135,2
will-john-cornyn-be-the-next-seante-majority-leader,0xb70bb6e044752b2e1a0d9f51a8c639eae5caab49,19.659321,0.0,19.659321,1
will-john-cornyn-be-the-next-seante-majority-leader,0xb7c1fadcd158814f193b0b928084948dc0081667,1530434.8800000001,0.0,1530434.8800000001,15990
will-john-cornyn-be-the-next-seante-majority-leader,0xb8a08a38691b2204e83c4f00afde325d96f27c5d,0.9999989999999999,0.998,0.001998999999999862,2
will-john-cornyn-be-the-next-seante-majority-leader,0xb9a2622a0ed91f4549a21f13afc538c7077242c3,0.02,0.0,0.02,1
will-john-cornyn-be-the-next-seante-majority-leader,0xb9b86abbd9e711945cb7b3b3df8fd202210a1793,3.25,1.625,1.625,2
will-john-cornyn-be-the-next-seante-majority-leader,0xbbfb39160173f9daad66feb88f6ed9f3b2bec8ad,0.9999989999999999,0.997,0.002998999999999863,2
will-john-cornyn-be-the-next-seante-majority-leader,0xbe365083c071a9b96aa5104e5e1774ac6839a391,0.02,0.0,0.02,1
will-john-cornyn-be-the-next-seante-majority-leader,0xbe6a3e045d3669ec6a817cc7b4271fef3e4027e9,377.90907599999935,276.03775999999937,101.87131599999998,8
will-john-cornyn-be-the-next-seante-majority-leader,0xbe710abd98946f64a384836085e0f6b06f22a41d,50.459489999999995,50.40898,0.050509999999995614,2
will-john-cornyn-be-the-next-seante-majority-leader,0xbf9cdaa66b7333330485ddeda27d530d1a96a197,0.075,0.0,0.075,1
will-john-cornyn-be-the-next-seante-majority-leader,0xc17304f0ba0d2b13eb1a6e50e8b046bcc081ebba,4.499496,0.0,4.499496,1
will-john-cornyn-be-the-next-seante-majority-leader,0xc1e555a0f8aea41fd851e5dca6277adb3bd3d0fa,0.07992,0.0,0.07992,1
will-john-cornyn-be-the-next-seante-majority-leader,0xc22a40a4b7f2d5f0c62202d0eb04c0b88eb29141,51.439509,51.38702,0.05248900000000134,2
will-john-cornyn-be-the-next-seante-majority-leader,0xc2b4a5146656fe465cbcb688a641100030881b1e,51.129819,51.07764,0.05217899999999531,2
will-john-cornyn-be-the-next-seante-majority-leader,0xc2f729228f637b90482af5d52fb9c75a0b1c2a2e,956641.4400000001,0.0,956641.4400000001,9995
will-john-cornyn-be-the-next-seante-majority-leader,0xc349145cbe33d39b39cfd2c165d2499740c7a6eb,51.269679,51.21736,0.05231899999999712,2
will-john-cornyn-be-the-next-seante-majority-leader,0xc48d62a36510dbbca965d26573c3c1021d0b3e43,956450.0160000001,0.0,956450.0160000001,9993
will-john-cornyn-be-the-next-seante-majority-leader,0xc5925edcf0dabaf7acda3ba36e3540d86d698ddb,537.999462,536.91441,1.0850520000000188,2
will-john-cornyn-be-the-next-seante-majority-leader,0xc613e6707bd115e5c04d303d944568232697662b,0.0,0.0156,-0.0156,1
will-john-cornyn-be-the-next-seante-majority-leader,0xc67d4e03692acc0e5233f39db2d939e3e4477988,2.0,1.0,1.0,4
will-john-cornyn-be-the-next-seante-majority-leader,0xc8f3c72ff2a7e9a4ffb2fcc4e5182c8a0e51c34f,1338915.168,0.0,1338915.168,13989
will-john-cornyn-be-the-next-seante-majority-leader,0xc9986abdb88092ccadd588af99a6f1d7013ee283,1721763.168,0.0,1721763.168,17989
will-john-cornyn-be-the-next-seante-majority-leader,0xcaadce031855d1f54d905683125c7957460d432a,573984.8640000001,0.0,573984.8640000001,5997
will-john-cornyn-be-the-next-seante-majority-leader,0xcb880149a3e82df4905ba86823696b499850d52f,1339010.8800000001,0.0,1339010.8800000001,13990
will-john-cornyn-be-the-next-seante-majority-leader,0xcc2361bf21a2fffca18825a1dbaf5adf5ecb8cfc,4.999995,4.99,0.009994999999999976,2
will-john-cornyn-be-the-next-seante-majority-leader,0xcc874df63b59e49615ac4f69d8e62b4a6b55d99e,50.82912,50.778240000000004,0.05087999999999937,2
will-john-cornyn-be-the-next-seante-majority-leader,0xcd2a4a2497e63b30c59a45e1c9bb2aac8a40885c,50.10984,50.05967999999999,0.05016000000000531,2
will-john-cornyn-be-the-next-seante-majority-leader,0xce93c4e7c6d0d347473c310d028309fd34fe8f7d,51.849099,51.7962,0.05289900000000358,2
will-john-cornyn-be-the-next-seante-majority-leader,0xcf30a542001204dd0ba4e6cb8b378ee87e77803b,12.76722,0.0,12.76722,1
will-john-cornyn-be-the-next-seante-majority-leader,0xd0cef851526ccff772e29f5a3239906cba57b8e2,51.719229,51.66646,0.052768999999997845,2
will-john-cornyn-be-the-next-seante-majority-leader,0xd218e474776403a330142299f7796e8ba32eb5c9,2538.8943600000002,0.0,2538.8943600000002,66
will-john-cornyn-be-the-next-seante-majority-leader,0xd288ad098ca6c3f99000a1fa1a32926fb6babdea,10.999989,0.0,10.999989,1
will-john-cornyn-be-the-next-seante-majority-leader,0xd35a7a2891413f6e1741c2a7ee835e2c47ee4fbd,573889.152,0.0,573889.152,5996
will-john-cornyn-be-the-next-seante-majority-leader,0xd387561d31ff5dc73c19350db8538f914f838bd9,50.11983,50.06966,0.05017000000000138,2
will-john-cornyn-be-the-next-seante-majority-leader,0xd395cc9017030236f7ee3abac6a9d57134518ae4,169.99982999999997,169.48932,0.5105099999999823,2
will-john-cornyn-be-the-next-seante-majority-leader,0xd49164b38e69c48d1a7397c1b8b8515c156cff17,383135.136,0.0,383135.136,4003
will-john-cornyn-be-the-next-seante-majority-leader,0xd4eafc0d454597c1e95a1e47211c6ad75fb8ebab,51.689259,51.636520000000004,0.05273899999999543,2
will-john-cornyn-be-the-next-seante-majority-leader,0xd541a77d027d244073f5743bc2ad77e1f1d3bb6c,1.059939,0.0,1.059939,1
will-john-cornyn-be-the-next-seante-majority-leader,0xd7964e0011b9d785f7c3054752b56b02e952e7a8,2104132.608,0.0,2104132.608,21984
will-john-cornyn-be-the-next-seante-majority-leader,0xd7d31a4107ec9cc47d8c01e3e4ed5cc738b41729,382943.712,0.0,382943.712,4001
will-john-cornyn-be-the-next-seante-majority-leader,0xda5a9f649b2d552cfe850a29fe1e2af6ef3ecabc,50.959989,50.907979999999995,0.0520090000000053,2
will-john-cornyn-be-the-next-seante-majority-leader,0xdb0a5862d2ee5c8a199ba067fe14eb9687865dc2,95.712,95.616,0.09600000000000364,2
will-john-cornyn-be-the-next-seante-majority-leader,0xdbbfdebdaa62898ecbccf22f08dcdb950a37566d,0.0,0.02298,-0.02298,1
will-john-cornyn-be-the-next-seante-majority-leader,0xdbf59675fc5ae13552d0a5ba155dff66b7dbf6ce,383135.136,0.0,383135.136,4003
will-john-cornyn-be-the-next-seante-majority-leader,0xdc07a6c27216e2672fbd6bb54927680f5f550ad0,1338915.168,0.0,1338915.168,13989
will-john-cornyn-be-the-next-seante-majority-leader,0xdd236cf1ed1227bcd355d07b981c3cdb3b6d0f47,50.88906,50.838119999999996,0.050940000000004204,2
will-john-cornyn-be-the-next-seante-majority-leader,0xdd4e5d6d2ca13f3e1140e45f7be4537dde267677,0.088,0.0,0.088,1
will-john-cornyn-be-the-next-seante-majority-leader,0xddff8610520d93d87e9f30ea28877d2020de3606,0.8091900000000001,0.80757,0.0016200000000000658,2
will-john-cornyn-be-the-next-seante-majority-leader,0xdfaaa2fe149e5b9fe3bc9ad1d9fb4869286360cc,957.12,0.0,957.12,10
will-john-cornyn-be-the-next-seante-majority-leader,0xe149fe1240c31d31f241156c83173cc575755fa6,51.209739000000006,51.15748,0.052259000000006495,2
will-john-cornyn-be-the-next-seante-majority-leader,0xe2add11da503d860d63347eec0c59d4faefc318a,51.349599000000005,51.2972,0.0523990000000083,2
will-john-cornyn-be-the-next-seante-majority-leader,0xe3726a1b9c6ba2f06585d1c9e01d00afaedaeb38,0.0,0.5537799999999999,-0.5537799999999999,19
will-john-cornyn-be-the-next-seante-majority-leader,0xe3a170946052fb9f7de5b4bc575282655effc837,11.49849,11.486979999999999,0.011510000000001241,2
will-john-cornyn-be-the-next-seante-majority-leader,0xe419e435d6390e1c92b932d9bfa2f82ca0042972,50.509440000000005,50.45888,0.05056000000000438,2
will-john-cornyn-be-the-next-seante-majority-leader,0xe6dfc8ee99809ab1beae4203ff8eb0a1383a2816,0.0,5.3393,-5.3393,1
will-john-cornyn-be-the-next-seante-majority-leader,0xe7e06eeae2062ef81c7073c4b07403f864c4d96c,1.329669,0.0,1.329669,1
will-john-cornyn-be-the-next-seante-majority-leader,0xe9f0c0066bfa3a1ecd2fcd9cacf3983e90eb1de5,0.02,0.0,0.02,1
will-john-cornyn-be-the-next-seante-majority-leader,0xec89d195a27cc620143fe17a56d09217f205576d,573793.44,0.0,573793.44,5995
will-john-cornyn-be-the-next-seante-majority-leader,0xec9ed4f7ae65476180368376cf5f4a3c288c71c8,956450.0160000001,0.0,956450.0160000001,9993
will-john-cornyn-be-the-next-seante-majority-leader,0xed5467cab5fce7ea9cc4c73c70a4e23bd1dad44a,51.589359,51.53672,0.052638999999999214,2
will-john-cornyn-be-the-next-seante-majority-leader,0xee83a25a42af846979ad82b46455b7292ff6d9df,0.0,0.1,-0.1,1
will-john-cornyn-be-the-next-seante-majority-leader,0xeeea1fc45db9cc8aa7cc1776406cef1610207b2d,1338819.4560000002,0.0,1338819.4560000002,13988
will-john-cornyn-be-the-next-seante-majority-leader,0xeef928050ba103de78acbc78b81d17ba36763c19,0.02,0.0,0.02,1
will-john-cornyn-be-the-next-seante-majority-leader,0xef41c1370a955167c18942c2f89f872135f68c60,1.439559,0.0,1.439559,1
will-john-cornyn-be-the-next-seante-majority-leader,0xf0a339430dc8d00721e24d97fb75498eab6acb26,0.43956,0.43868,0.0008799999999999919,2
will-john-cornyn-be-the-next-seante-majority-leader,0xf19afdc958e5439ed55b0b6da3bd47eba1c2c5ba,0.9999989999999999,0.997,0.002998999999999863,2
will-john-cornyn-be-the-next-seante-majority-leader,0xf22ab9d7b30d412b5a9fc9b054f8921c76f91697,6.45354,0.0,6.45354,1
will-john-cornyn-be-the-next-seante-majority-leader,0xf22fb2e796e064089bfb5b3e4b146a263109686a,1338819.4560000002,0.0,1338819.4560000002,13988
will-john-cornyn-be-the-next-seante-majority-leader,0xf4d2d381014f38de822013f5460387849bdfa8ec,1.4195790000000001,0.0,1.4195790000000001,1
will-john-cornyn-be-the-next-seante-majority-leader,0xf564d102df699f03a557e1d06733e3062450f750,1147682.592,0.0,1147682.592,11991
will-john-cornyn-be-the-next-seante-majority-leader,0xf6b32fe7f1de50b9a6722f15497fefef52585bf5,9.99999,9.97997,0.020020000000000593,2
will-john-cornyn-be-the-next-seante-majority-leader,0xf73a03209f0c318e0fd1a37b6909abb5dce9de63,1147874.016,0.0,1147874.016,11993
will-john-cornyn-be-the-next-seante-majority-leader,0xf81c0e0e6312944d539ac0cb05593f93865c80c8,956737.152,0.0,956737.152,9996
will-john-cornyn-be-the-next-seante-majority-leader,0xf98e1c26d529f496208d6a1f0baef0e778e6cda1,51.319629,51.26726,0.05236899999999878,2
will-john-cornyn-be-the-next-seante-majority-leader,0xf9ef724cba49511aff9c74260f4dd0427a65038d,2.6992979999999998,2.6892,0.010097999999999718,2
will-john-cornyn-be-the-next-seante-majority-leader,0xfadcc22c6941c26423e23e1f4e38e17219d22150,574176.288,0.0,574176.288,5999
will-john-cornyn-be-the-next-seante-majority-leader,0xfb723f4b11558442c0f392fb3a9db0dffa5bb2a8,0.02,0.0,0.02,1
will-john-cornyn-be-the-next-seante-majority-leader,0xfbd2142f6ce90f89a08df8788210e7b3c91a9743,1.0,0.5,0.5,2
will-john-cornyn-be-the-next-seante-majority-leader,0xfc512bcf6a9a978cb7d8a5a531f7aef3e3b439bf,1.9999979999999997,1.994,0.005997999999999726,2
will-john-cornyn-be-the-next-seante-majority-leader,0xfd2e48dee008d34a27b9e744840319f691d4affb,383422.272,0.0,383422.272,4006
will-john-cornyn-be-the-next-seante-majority-leader,0xfdb9690bbacceda13f1d1bbc56745bc0a9c0ddd7,1148065.44,0.0,1148065.44,11995
will-john-cornyn-be-the-next-seante-majority-leader,0xfdff92456d948faadc5145010d748861d0a34967,0.9999989999999999,0.997,0.002998999999999863,2
will-john-cornyn-be-the-next-seante-majority-leader,0xfe1e8f76e4b75b39a9334ed273bb2ccda22652fb,65.889045,65.8181,0.0709449999999947,2
will-john-cornyn-be-the-next-seante-majority-leader,0xfe234db766fb395d7627e374223eccc0cb15ea02,382943.712,0.0,382943.712,4001
will-john-cornyn-be-the-next-seante-majority-leader,0xfecff193bafc0c7ae9e684a63054fa6ffa0af607,50.8491,50.7982,0.05089999999999861,2
will-john-cornyn-be-the-next-seante-majority-leader,0xfef2f3c84fe96656f8cc13bc39f598c0bd0eba2f,0.9999989999999999,0.998,0.001998999999999862,2
will-john-cornyn-be-the-next-seante-majority-leader,0xff1687517eae4390c008a7c80fecb692ddce0018,0.9999989999999999,0.997,0.002998999999999863,2
